{
  "jsonid": "input_profile",
  "controller_type": "example_controller",
  "device_class": "TrackedDeviceClass_Controller",
  "resource_root": "example",
  "driver_name": "example",
  "input_bindingui_mode": "controller_handed",
  "should_show_binding_errors": true,
  "input_bindingui_left": {
    "image": "{example}/icons/example_controller_left.svg"
  },
  "input_bindingui_right": {
    "image": "{example}/icons/example_controller_right.svg"
  },
  "input_source": {
    "/pose/raw" : {
      "type" : "pose",
      "binding_image_point" : [ 0,0 ]
    },
    "/output/haptic": {
      "type": "vibration",
      "binding_image_point": [0,0]
    },
    "/input/a": {
      "type": "button",
      "click": true,
      "touch" : true,
      "binding_image_point": [0,0]
    },
    "/input/b": {
      "type": "button",
      "click": true,
      "touch" : true,
      "binding_image_point": [0,0]
    },
    "/input/trigger" : {
      "type" : "trigger",
      "click" : true,
      "touch" : true,
      "value" : true,
      "binding_image_point" : [ 0, 0 ]
    },
    "/input/grip" : {
      "type" : "trigger",
      "force" : true,
      "value" : true,
      "touch" : true,
      "input_activity_path" : "/input/grip/force",
      "input_activity_threshold" : 0.1,
      "binding_image_point" : [ 0, 0 ]
    },
    "/input/system": {
      "type": "button",
      "click": true,
      "touch" : true,
      "binding_image_point": [0,0]
    },
    "/input/trackpad": {
      "type": "trackpad",
      "click": true,
      "touch" : true,
      "binding_image_point": [0,0]
    },
    "/input/joystick": {
      "type": "joystick",
      "click": true,
      "touch": true,
      "binding_image_point": [0,0]
    },
    "/input/skeleton/left" : {
      "type" : "skeleton",
      "skeleton": "/skeleton/hand/left",
      "side" : "left",
      "binding_image_point" : [ 0, 0 ]
    },
    "/input/skeleton/right" : {
      "type" : "skeleton",
      "skeleton": "/skeleton/hand/right",
      "side" : "right",
      "binding_image_point" : [ 0, 0 ]
    }
  }
}
